Region,Start position,End position,Start postion (E. Coli),End position (E. Coli),Inferred Start postion (RS_GCF_000194175.1~NZ_AEZI02000002.1),Inferred End position (RS_GCF_000194175.1~NZ_AEZI02000002.1)
V1,8,789,8,96,50,138
V2,790,2697,97,306,139,348
V3,2698,4069,307,487,349,529
V4,4070,7044,488,746,530,788
V5,7045,9533,747,885,789,927
V6,9534,10454,886,1029,928,1071
V7,10455,12258,1030,1180,1072,1222
V8,12259,13597,1181,1372,1223,1414
V9,13598,14371,1373,1468,1415,1510
VT,8,14371,8,1468,50,1510
